{
  "per_tournament": {
    "CWC2025": {
      "n": 122,
      "gap_mean": 8.138097035733125,
      "drop_mean": -23.209836065573775
    },
    "Copa2024": {
      "n": 61,
      "gap_mean": 10.527407842178576,
      "drop_mean": -10.19672131147541
    },
    "Euro2024": {
      "n": 102,
      "gap_mean": 3.6671163519457255,
      "drop_mean": -15.762745098039215
    },
    "WC2026": {
      "n": 195,
      "gap_mean": 5.389593069164981,
      "drop_mean": -19.48188034188034
    }
  },
  "cwc_clubs_test": {
    "n": 122,
    "n_matches": 61,
    "gap_median": 9.530131271215506,
    "slope_per_C": {
      "slope": 0.9895331587051102,
      "ci_lo": -0.27141282458866706,
      "ci_hi": 2.3002027428114262
    },
    "low_gap": {
      "n": 62,
      "mean": -26.864516129032257,
      "ci_lo": -34.96937019969278,
      "ci_hi": -18.535984375
    },
    "high_gap": {
      "n": 60,
      "mean": -19.433333333333337,
      "ci_lo": -28.790799031476997,
      "ci_hi": -10.799919354838709
    }
  },
  "nations_test": {
    "n": 358,
    "n_matches": 126,
    "gap_median": 5.149276244686995,
    "slope_per_C": {
      "slope": -0.12053081308864286,
      "ci_lo": -0.8160003054204229,
      "ci_hi": 0.5914802505735589
    },
    "low_gap": {
      "n": 182,
      "mean": -15.263736263736261,
      "ci_lo": -19.228429261100835,
      "ci_hi": -10.941546733045026
    },
    "high_gap": {
      "n": 176,
      "mean": -18.470265151515154,
      "ci_lo": -23.68567162663882,
      "ci_hi": -13.631869321800933
    }
  }
}